{"precision_local": 0.8460904810413881, "recall_local": 0.6737064375343398, "f1_local": 0.7501220680830153, "accuracy_local": 0.9895814290511774, "iou_local": 0.6001562624059813, "precision_damage": 0.6246464049552911, "recall_damage": 0.46433945401488713, "f1_damage": 0.5326937319527579, "accuracy_damage": 0.9896117605963703, "iou_damage": 0.3630419521492884, "damage_f1_per_class": {"class_0": 0.9946798026635726, "class_1": 0.6928541180651918, "class_2": 0.5326937319527578}, "F1s": 0.5979222327918351, "TP_local": 15299025, "FP_local": 2782995, "FN_local": 7409716, "TN_local": 952829672, "TP_damage": 5792546, "FP_damage": 3480774, "FN_damage": 6682263, "TN_damage": 962365825}