{"precision_local": 0.8628733857402129, "recall_local": 0.5437798599226615, "f1_local": 0.6671340933176357, "accuracy_local": 0.987404343910667, "iou_local": 0.5005260393959651, "precision_damage": 0.7506445447485626, "recall_damage": 0.27320955374948025, "f1_damage": 0.40061032406098934, "accuracy_damage": 0.9895752572553335, "iou_damage": 0.2504769976246025, "damage_f1_per_class": {"class_0": 0.9935807190618186, "class_1": 0.7433665513775433, "class_2": 0.4006103240609894}, "F1s": 0.48056745483798324, "TP_local": 12348556, "FP_local": 1962415, "FN_local": 10360185, "TN_local": 953650252, "TP_damage": 3408237, "FP_damage": 1132177, "FN_damage": 9066572, "TN_damage": 964714422}